Workbook

Sheet Inventario
A1: INVENTARIO DE REPUESTOS
A3: Categoría | B3: Producto | C3: Referencia / Descripción | D3: Cantidad | E3: Precio unitario | F3: Valor total
A4: Aceite | B4: Ursa SAE 50 API CF/SF | C4: Aceite de motor | D4: 4 | E4: 88000 | F4: =D4*E4 -> 352000
A5: Aceite | B5: Ursa 15W40 Premium | C5: Aceite motor | D5: 4 | E5: 100000 | F5: =D5*E5 -> 400000
A6: Muelles | B6: Tope auxiliar trasero NPR/NQR | C6: Topes | D6: 14 | E6: 35000 | F6: =D6*E6 -> 490000
A7: Tapones | B7: Tapones de chasis y hoja NPR/NQR | C7: Tapones | D7: 38 | E7: 30000 | F7: =D7*E7 -> 1140000
A8: Rodillos | B8: Rodillo 4090 | C8: 4090 | D8: 3 | E8: 195000 | F8: =D8*E8 -> 585000
A9: Rodillos | B9: Rodillo 3982 | C9: 3982 | D9: 8 | E9: 155000 | F9: =D9*E9 -> 1240000
A10: Rodillos | B10: Rodillo 3780 | C10: 3780 | D10: 10 | E10: 98000 | F10: =D10*E10 -> 980000
A11: Rodillos | B11: Rodillo 33287 | C11: 33287 | D11: 10 | E11: 190000 | F11: =D11*E11 -> 1900000
A12: Rodillos | B12: Rodillo 32310 | C12: 32310 | D12: 1 | E12: 120000 | F12: =D12*E12 -> 120000
A13: Rodillos | B13: Rodillo 32307 | C13: 32307 | D13: 8 | E13: 85000 | F13: =D13*E13 -> 680000
A14: Rodillos | B14: Rodillo 32215 | C14: 32215 | D14: 6 | E14: 165000 | F14: =D14*E14 -> 990000
A15: Rodillos | B15: Rodillo 32213 | C15: 32213 | D15: 2 | E15: 146000 | F15: =D15*E15 -> 292000
... A135: Filtros | B135: Filtro de aceite NPR/NQR Ref 7041 | C135: Filtro de aceite | D135: 5 | E135: 45000 | F135: =D135*E135 -> 225000
A137: TOTAL GENERAL | D137: =SUM(D4:D135) -> 1193 | F137: =SUM(F4:F135) -> 56122000

Sheet Resumen
A1: RESUMEN DEL INVENTARIO
A3: Categoría | B3: Unidades | C3: Valor inventario | D3: Líneas registradas
A4: Rodillos | B4: =SUMIF(Inventario!A4:A135,A4,Inventario!D4:D135) -> 131 | C4: =SUMIF(Inventario!A4:A135,A4,Inventario!F4:F135) -> 16414000 | D4: =COUNTIF(Inventario!A4:A135,A4) -> 23
A5: Retenedores | B5: =SUMIF(Inventario!A4:A135,A5,Inventario!D4:D135) -> 172 | C5: =SUMIF(Inventario!A4:A135,A5,Inventario!F4:F135) -> 7257000 | D5: =COUNTIF(Inventario!A4:A135,A5) -> 16
A10: TOTAL | B10: =SUM(B4:B5) -> 303 | C10: =SUM(C4:C5) -> 23671000 | D10: =SUM(D4:D5) -> 39
